P,mp,spare,overflow,fits_predicted,drained_off,drained_on,cycles_off,cycles_on,cycles_pct,reads_off,reads_on,reads_pct,writes_off,writes_on,missrate_off,missrate_on,primary_off,primary_on,secondary_on,migrations_on,parked_on,secperpark_on,parked_at_start_on,parked_at_start_off,seconds_off,seconds_on,accessA_off,accessA_on,missrate_delta,primary_gain
0,17,16,1,1,0,0,275435357,162002105,-41.18325738405473,3495318,508047,-85.46492765465116,80534,42132,85.88180053794709,13.771286596248052,14.118199462052912,76.83474575352328,9.393967650228669,1174,52,295.1959114139693,104,0,5.51,3.24,4069917,3689176,-72.11051394169904,62.716546291470365
0,18,16,2,1,0,0,275622170,164460002,-40.33135941132747,3491687,564060,-83.84563106601479,84005,47568,85.63633228796301,15.238460592912979,14.363667712036982,73.09403750585902,11.667501901227997,2207,92,195.68599909379247,82,0,5.51,3.29,4077343,3701555,-70.39787169505004,58.730369793822035
0,19,16,3,1,0,0,274859268,166670026,-39.36168599561285,3485586,605598,-82.62564745210705,78033,50140,85.80698176618931,16.281082964435825,14.193018233810687,69.16861891547627,14.5502981200879,3761,130,143.902951342728,82,0,5.5,3.33,4062124,3719642,-69.52589880175348,54.97560068166558
0,20,16,4,1,0,0,274972596,167077575,-39.23846323944223,3487918,613820,-82.40153581592227,78156,50506,85.85354783112545,16.507215956993353,14.146452168874552,65.58709908175216,17.905684961254487,4568,149,145.757880910683,61,0,5.5,3.34,4062637,3718495,-69.3463318741321,51.440646912877604
0,21,16,5,1,0,0,275573460,168514885,-38.84937794807961,3491070,637331,-81.74396388499801,83877,50020,85.640901725908,17.09178159412198,14.359098274092,61.71560100984909,21.192617396028936,13030,168,60.64819646968534,78,0,5.51,3.37,4076405,3728874,-68.54912013178601,47.35650273575709
0,22,16,6,1,0,0,275217035,170506251,-38.04662164171633,3487163,680354,-80.48975628612715,83464,51590,85.66050694795342,18.195851846225562,14.339493052046581,58.04213945693852,23.762008696835917,16145,239,55.031031279033755,121,0,5.5,3.41,4070911,3739061,-67.46465510172786,43.70264640489194
0,23,16,7,1,0,0,275993904,172857400,-37.369123920939934,3492012,741058,-78.77848071541564,79303,54372,85.48351877546504,19.808071865865212,14.516481224534958,54.113421604665035,26.078506529469752,25204,258,38.7100063481987,96,0,5.52,3.46,4085012,3741192,-65.67544690959983,39.59694038013008
0,24,16,8,1,0,0,275465973,178361431,-35.25101156504727,3496070,876081,-74.94097658227668,80847,52576,85.90228270425587,23.293125387850516,14.097717295744138,49.26213350618992,27.444741105959565,67600,221,15.269644970414202,73,0,5.51,3.57,4069822,3761114,-62.60915731640535,35.16441621044578
0,25,16,9,1,0,0,276331658,181857109,-34.18882573345975,3506010,954005,-72.78943870667796,85566,57532,85.93698870885312,25.216526624045496,14.063011291146873,45.79965971083615,28.98381366511835,118661,232,9.240871052831174,131,0,5.53,3.64,4079745,3783253,-60.72046208480762,31.73664841968928
0,26,16,10,1,0,0,276294399,186459548,-32.514177386563674,3496905,1067937,-69.46050864979175,78849,61260,85.59474913228016,28.123076793432507,14.405250867719843,41.97087509799548,29.906048108572016,236167,344,4.808643883353729,92,0,5.53,3.73,4085420,3797369,-57.471672338847654,27.56562423027564
0,27,16,11,1,0,0,275962331,186033539,-32.58734323417496,3497845,1059207,-69.71829798061378,83463,60833,85.73283992690081,27.941973304406687,14.267160073099186,40.69811735867791,31.359909336915397,255583,370,4.6512170214763895,75,0,5.52,3.72,4079936,3790738,-57.79086662249412,26.430957285578728
0,28,16,12,1,0,0,275913281,195401343,-29.180160414242618,3493070,1293661,-62.96492769970256,83352,63379,85.58995856088256,33.87455171229146,14.410041439117428,35.40079853866586,30.724649749042676,487974,382,2.404568686036551,85,0,5.52,3.91,4081168,3818976,-51.7154068485911,20.990757099548432
0,30,16,14,1,0,0,276441425,234469258,-15.183023673098198,3494900,2212365,-36.697330395719476,83611,77385,85.43836759399895,55.55573691617088,14.56163240600105,18.118126362925025,26.326136720904092,1503984,362,0.6970626017298056,67,0,5.53,4.69,4090551,3982244,-29.882630677828068,3.556493956923976
0,32,16,16,1,0,0,279516945,262120362,-6.223802639228187,3516253,2914412,-17.115975443177724,81820,84215,85.25371945931307,71.53772836246681,14.746280540686932,9.739022388830891,18.723249248702302,2116650,366,0.36036945172796636,84,0,5.59,5.24,4124457,4073951,-13.715991096846267,-5.007258151856041
0,36,16,20,0,0,0,278567902,289799746,4.031995042989554,3494443,3658377,4.691276978906223,84127,91324,84.85406174572263,88.09897759848344,15.145938254277375,8.751049950681216,3.149972450835337,2897980,282,0.04513661239898136,83,0,5.57,5.8,4118180,4152576,3.244915852760812,-6.39488830359616
0,48,16,32,0,0,0,278546349,294246366,5.636410980206386,3501263,3773864,7.785790441906249,85804,96348,85.15457032397651,90.35031520803348,14.84542967602348,9.569697700987616,0.07998709097891175,2988888,373,0.0011178070238831298,80,0,5.57,5.88,4111656,4176924,5.195744884056964,-5.275731975035864
4,17,12,1,1,0,0,330721569,227593810,-31.18265292216245,3576025,850743,-76.20981396942136,101979,67946,50.87001918992621,12.705610049036666,49.12998081007379,83.75719069519039,3.537199255772942,3831,38,61.82302270947533,93,0,6.61,4.55,7029730,6695806,-38.164409140889546,34.6272098851166
4,18,12,2,1,0,0,330687614,232069757,-29.822059498121995,3575308,949429,-73.44483328429327,102077,72563,50.86754776371377,14.139793217425519,49.13245223628623,80.09712880416062,5.763077978413869,12107,75,31.96225324192616,88,0,6.61,4.64,7028662,6714589,-36.72775454628825,30.964676567874392
4,19,12,3,1,0,0,332192588,240689922,-27.5450655148272,3564550,1126894,-68.38607958928897,96286,76038,50.33261846814764,16.634919079079836,49.66738153185236,75.75377885846855,7.611302062451618,37958,83,13.583697771220823,93,0,6.64,4.81,7081988,6774268,-33.69769938906781,26.086397326616193
4,20,12,4,1,0,0,332308782,245791785,-26.035122057051144,3580738,1232415,-65.5820950876607,104284,73923,50.64202407546087,18.104971417146302,49.35797592453913,73.04234299336291,8.852685589490783,50990,89,11.818140811923907,55,0,6.65,4.92,7070685,6807053,-32.537052658314565,23.684367068823775
4,21,12,5,1,0,0,332781241,248974492,-25.18373594261583,3581937,1313730,-63.323475538514494,103287,80419,50.56911728373275,19.283399613460112,49.43088271626725,70.35069973935639,10.365900647183494,81543,107,8.660498142084544,70,0,6.66,4.98,7083250,6812751,-31.28571767027264,20.919817023089138
4,22,12,6,1,0,0,332303256,252537043,-24.004041958589777,3587975,1394761,-61.126791574634716,104526,82299,50.79502267600181,20.427339949996433,49.20497732399819,67.84654403182934,11.72611601817422,146556,206,5.463092606239253,67,0,6.65,5.05,7063635,6827913,-30.367682726005373,18.641566707831146
4,23,12,7,1,0,0,333338733,257366765,-22.7912212050077,3588006,1506436,-58.01467444591787,96791,85920,50.60892106276864,21.999985103924224,49.39107893723136,65.34312599407575,12.656888902000032,273098,134,3.173487173102696,86,0,6.67,5.15,7089671,6847441,-28.608935958844413,15.952047056844386
4,24,12,8,1,0,0,333423713,267799518,-19.681921963360775,3590007,1762818,-50.89653028531699,103416,89249,50.62551295249108,25.609494069475286,49.37448704750892,61.77496620519783,12.615539725326888,550528,180,1.5773675453382934,70,0,6.67,5.36,7091300,6883455,-25.016018883015793,12.400479157688906
4,25,12,9,1,0,0,333777248,289242293,-13.342717416137363,3606398,2288985,-36.52988383423016,105138,95464,50.88426701161433,32.88022298367068,49.11573298838567,55.690298159068924,11.429478857260401,1196945,274,0.6647531841479767,73,0,6.68,5.78,7087452,6961586,-18.00404402794365,6.57456517068325
4,26,12,10,1,0,0,333400366,305392035,-8.40080991392793,3590747,2698474,-24.849230536153062,96989,103195,50.64683284775147,38.53783048989431,49.35316715224853,50.47666121643046,10.985508293675236,1707036,225,0.4506179131547314,88,0,6.67,6.11,7089776,7002143,-12.109002357857158,1.1234940641819264
4,27,12,11,1,0,0,333074969,320207899,-3.8631152736067658,3583573,3052261,-14.826319988458446,104066,110508,50.56540096057489,43.202060499793205,49.43459903942511,46.35037498503202,10.44756451517477,2120845,286,0.34803533497261707,84,0,6.66,6.4,7087006,7065082,-7.363340460781686,-3.08422405439309
4,28,12,12,1,0,0,332639311,332015867,-0.18742342813474622,3574219,3352475,-6.203984702672108,96867,114689,50.45038394426689,47.203982708217936,49.54961605573311,44.15943336212293,8.636583929659135,2465388,261,0.24879613269797696,85,0,6.65,6.64,7084622,7102102,-3.2464012360489534,-5.390182693610178
4,30,12,14,0,0,0,333030350,342501926,2.8440579064340534,3597816,3635897,1.0584476804817144,104540,118399,50.86570851016362,50.931686850343446,49.13429148983638,44.20452144990763,4.86379169974892,2705069,251,0.1283571694474337,60,0,6.66,6.85,7073166,7138772,0.06597834017982507,-4.929770039928748
4,32,12,16,0,0,0,333498963,347469903,4.189200432386352,3591219,3770559,4.993847493010033,103767,121569,50.62003292145338,52.69630937343734,49.37996707854662,43.80145688585547,3.502233740707189,2883581,275,0.08690374919241041,76,0,6.67,6.95,7094462,7155262,2.076276451983958,-5.578510192691148
4,36,12,20,0,0,0,333293065,351542229,5.475410656984417,3590190,3886026,8.240120996381807,97034,123503,50.64054072772107,54.22932907911791,49.35945927227893,43.75345385207075,2.017217068811339,2990507,263,0.04833695423551926,66,0,6.67,7.03,7089557,7165912,3.5887883513968433,-5.606005420208184
4,48,12,32,0,0,0,332996092,354445937,6.441470490290318,3592978,3971309,10.529733274180916,105138,123918,50.73722644023011,55.35825827002106,49.26277355976989,43.9181954751386,0.7235462548403343,3007178,264,0.017260700896322066,117,0,6.66,7.09,7081542,7173833,4.621031829790951,-5.344578084631287
8,17,8,1,1,0,0,347857177,263987877,-24.110268680758022,3843395,1594560,-58.51168042837127,122313,93180,51.41354663236417,21.995469200397878,48.58645336763583,75.83178575384512,2.172745045756993,30329,44,5.193478189191863,97,0,6.96,5.28,7475452,7249493,-29.41807743196629,27.24533238620929
8,18,8,2,1,0,0,347856394,273366035,-21.41411234200283,3821891,1809719,-52.64859725198861,115054,98063,51.0064587335704,24.841153220277096,48.9935412664296,71.1558763596981,4.002970420024804,66797,39,4.3658098417593605,69,0,6.96,5.47,7492955,7285165,-26.1653055132933,22.162335093268496
8,19,8,3,1,0,0,348106775,280249062,-19.493361770968118,3821187,1974284,-48.33322734532489,121269,104920,50.94684361684355,27.0317481507344,49.05315638315645,67.53429656024618,5.433955289019418,115191,97,3.445347292757247,85,0,6.96,5.6,7500341,7303575,-23.91509546610915,18.481140177089728
8,20,8,4,1,0,0,349655125,283601536,-18.891068449232655,3845056,2041309,-46.910812222240715,122809,105331,51.12555695463654,27.891364481946116,48.87444304536346,65.24983313487142,6.8588023831824545,212269,122,2.3648342433421745,85,0,6.99,5.67,7520810,7318785,-23.23419247269042,16.37539008950796
8,21,8,5,1,0,0,349206272,294241107,-15.740028002704372,3840893,2291407,-40.3418163432306,116225,109079,51.13411463360408,31.153530940253493,48.86588536639592,61.42260014944513,7.423868910301381,567346,154,0.9624479594462638,85,0,6.98,5.88,7511410,7355208,-19.980583693350585,12.556714783049209
8,22,8,6,1,0,0,348860763,312113887,-10.533393232302252,3834079,2726980,-28.875226618961165,122637,118594,51.05753095715184,36.79059535363887,48.94246904284816,55.974299550225936,7.235105096135192,1230262,106,0.43590552256348647,78,0,6.98,6.24,7509331,7412166,-14.26693560351297,7.0318305073777765
8,23,8,7,1,0,0,350159832,331914328,-5.210621645489024,3857573,3213971,-16.684117189745987,123114,122766,51.27739101318087,43.01404861675261,48.72260898681913,49.59983458044864,7.386116802798749,1863733,172,0.29611752327184204,87,0,7.0,6.64,7522951,7471910,-8.263342396428257,0.877225593629511
8,24,8,8,1,0,0,350166764,349647335,-0.14833760750634803,3864314,3647300,-5.615847987508261,118304,133740,51.40912618770842,48.37796597400034,48.59087381229158,44.90673781856267,6.715296207436993,2364183,190,0.2141450133090374,63,0,7.0,6.99,7516786,7539176,-3.031160213708077,-3.6841359937289155
8,25,8,9,0,0,0,350724444,362758659,3.431245014675966,3871888,4000562,3.3232882769336305,123492,140240,51.439620334861424,52.82955630859378,48.560379665138576,43.1865058461558,3.9839378452504253,2725496,162,0.11069067795366422,94,0,7.01,7.25,7527054,7572583,1.3899359737323564,-5.37387381898278
8,26,8,10,0,0,0,350434881,364318875,3.9619326593233737,3865260,4071324,5.331180826128126,123392,134313,51.374702538550366,53.78554867858723,48.625297461449634,44.3850030715168,1.8294482498959648,2667732,153,0.05190963709997856,66,0,7.01,7.29,7523664,7569550,2.410846140036867,-4.240294389932835
8,27,8,11,0,0,0,348472007,369299682,5.976857417990536,3819519,4197363,9.892449808470648,121353,139391,50.84285303726465,55.32266920853907,49.15714696273535,43.48505046356572,1.1922803278952132,2808589,132,0.03220798771197922,98,0,6.97,7.39,7512401,7587058,4.479816171274415,-5.672096499169626
8,28,8,12,0,0,0,349972174,370111630,5.75458779188542,3857627,4222165,9.449799060406825,116636,139702,51.320957285606525,55.60977582180911,48.679042714393475,43.50968266392817,0.8805415142627179,2776519,119,0.024078711508907377,108,0,7.0,7.4,7516670,7592487,4.288818536202584,-5.169360050465308
8,30,8,14,0,0,0,350222535,373538348,6.657427969333841,3858444,4325749,12.111229293466485,122751,143977,51.26438256844861,57.00301450907094,48.73561743155139,42.6181556833959,0.37882980753316275,2986800,157,0.009625016740324092,80,0,7.0,7.47,7526559,7588632,5.7386319406223265,-6.117461748155492
8,32,8,16,0,0,0,350274294,371850084,6.159684101739993,3855438,4290026,11.272078555017615,121761,136789,51.19375451380023,56.57545194148894,48.80624548619977,43.18781617441486,0.23673188409619614,2878041,147,0.006237228726067488,88,0,7.01,7.44,7531071,7582840,5.381697427688714,-5.618429311784908
8,36,8,20,0,0,0,350868795,372449098,6.15053356340794,3870199,4302872,11.179606009923521,124171,140606,51.38092068282396,56.74389543198713,48.61907931717604,43.194176318009475,0.06192825000339577,2874647,181,0.0016335918810205217,78,0,7.02,7.45,7532366,7582969,5.362974749163165,-5.424902999166562
8,48,8,32,0,0,0,350751303,373355606,6.444538568114742,3867373,4317571,11.640925248224052,123544,139386,51.348822178002436,56.80750617767359,48.651177821997564,43.17663929556956,0.01585452675684932,2855230,129,0.0004220325507927557,130,0,7.01,7.47,7531571,7600353,5.458683999671152,-5.474538526428006
12,17,4,1,1,0,0,374342137,296854647,-20.69964407987552,4521775,2496790,-44.78296686588784,157680,122460,59.45162938045348,34.014724969112386,40.54837061954652,64.041736049418,1.9435389814696116,50669,3,2.815567704118889,98,0,7.49,5.94,7605805,7340321,-25.436904411341096,23.49336542987149
12,18,4,2,1,0,0,377572235,303406032,-19.642917599595215,4564141,2637986,-42.201917074866884,160532,125335,59.62667330674428,35.80268193097727,40.37332669325572,60.84456504803665,3.3527530209860745,184755,61,1.337095071851912,89,0,7.55,6.07,7654529,7368124,-23.823991375767008,20.47123835478093
12,19,4,3,1,0,0,375310601,323176014,-13.89105100178079,4541751,3064067,-32.53555732139433,158738,140312,59.639394307868024,41.00037386599112,40.360605692131976,54.61482302382921,4.384803110179672,707214,84,0.4633505558430687,96,0,7.51,6.46,7615354,7473266,-18.6390204418769,14.254217331697234
12,20,4,4,1,0,0,376466743,354637003,-5.798583913692477,4539803,3837165,-15.477279520719291,159300,150264,59.36309785254482,50.730403100965816,40.63690214745518,45.05161864276028,4.217978256273899,1605524,67,0.19871456297134144,93,0,7.53,7.09,7647517,7563837,-8.632694751579002,4.4147164953051
12,21,4,5,0,0,0,375919883,388669597,3.391604056229183,4521404,4669643,3.278605495107272,158945,165342,59.106209898366274,60.864411096365245,40.893790101633726,34.78899028519307,4.346598618441684,2286108,94,0.14587237348366744,70,0,7.52,7.77,7649626,7672206,1.7582011979989716,-6.104799816440654
12,22,4,6,0,0,0,376213833,398594231,5.948850370953798,4531960,4923869,8.647671206277195,159007,167115,59.260673422687155,63.82100453874812,40.739326577312845,33.07596003330083,3.1030354279510513,2560914,101,0.09348342037257011,93,0,7.52,7.97,7647500,7715123,4.560331116060965,-7.663366544012014
12,23,4,7,0,0,0,376434975,401668155,6.703197544277069,4539861,5036327,10.935709265107455,159284,165033,59.36380969367467,65.33069571505939,40.63619030632533,32.80606046847992,1.8632438164606837,2622593,86,0.05476907777912928,99,0,7.53,8.03,7647523,7708975,5.966886021384724,-7.830129837845412
12,24,4,8,0,0,0,377220881,407313086,7.977343385717823,4554682,5169575,13.500239972845524,158927,166077,59.527705187244365,66.81669562079429,40.472294812755635,31.811924361418342,1.3713800177873687,2739584,111,0.03872960274260618,85,0,7.54,8.15,7651365,7736951,7.288990433549927,-8.660370451337293
12,25,4,9,0,0,0,377684559,411861674,9.049116302369141,4562941,5285756,15.840989396970068,159796,167386,59.584919009558654,68.11349887335639,40.415080990441346,31.644291436142645,0.24220969050096272,2750305,78,0.006834151121421079,86,0,7.55,8.24,7657879,7760218,8.528579863797738,-8.770789554298702
12,26,4,10,0,0,0,377978810,409468206,8.330995062924295,4563621,5242648,14.879127780330576,159633,167364,59.54665366726418,67.73447028423773,40.45334633273582,32.126072351421186,0.13945736434108527,2747587,106,0.003928538022635862,135,0,7.56,8.19,7663942,7740000,8.18781661697355,-8.327273981314633
12,27,4,11,0,0,0,376908575,413614972,9.738806552756195,4540323,5332073,17.438186666455227,159506,169437,59.280900713122,68.6410746583763,40.719099286878,31.299541068865416,0.05938427275828554,2783944,96,0.0016570017212989916,91,0,7.54,8.27,7658998,7768050,9.360173945254296,-9.419558218012583
12,28,4,12,0,0,0,377973763,413993031,9.529568326148606,4568029,5349020,17.096892335841126,159654,168659,59.61432076189959,68.9536398400756,40.38567923810041,30.997593914983277,0.04876624494113052,2805677,93,0.0013483376739375202,87,0,7.56,8.28,7662637,7757415,9.339319078176004,-9.388085323117132
12,30,4,14,0,0,0,376596033,419857846,11.4875912673249,4537015,5465874,20.472910052093724,159479,174406,59.28477990810563,70.05292668034777,40.71522009189437,29.91713416687899,0.02993915277324219,2911739,89,0.0008022697089265212,120,0,7.53,8.4,7652917,7802492,10.76814677224214,-10.798085925015382
12,32,4,16,0,0,0,377893098,414855455,9.781167530082806,4565544,5370904,17.63995703469291,159961,167818,59.57300444428206,69.19946474139861,40.42699555571794,30.769278341430155,0.031256917171230955,2824601,108,0.0008588823695806948,98,0,7.56,8.3,7663780,7761482,9.626460297116552,-9.657717214287782
12,36,4,20,0,0,0,376552477,412237297,9.476718964724803,4547744,5308915,16.737331740748818,159258,172357,59.497183863842686,68.49379488405475,40.502816136157314,31.482401560687517,0.023803555257727996,2810125,97,0.000656554423735599,83,0,7.53,8.24,7643629,7750943,8.996611020212065,-9.020414575469797
12,48,4,32,0,0,0,377935558,412100428,9.039866526663257,4565586,5297123,16.022850078828874,159736,166130,59.58889332503416,68.20088266398797,40.41110667496584,31.78152997666263,0.017587359349406754,2712941,107,0.0005035126086413232,106,0,7.56,8.24,7661807,7766942,8.611989338953812,-8.629576698303214
16,17,0,1,0,0,0,400880561,393945492,-1.7299589141215554,5158320,4925483,-4.5138145752880785,179788,176717,66.56977351936611,63.84747743585675,33.43022648063389,34.69523175463403,1.4572908095092172,497326,63,0.2260529310753912,119,0,8.02,7.88,7748742,7714452,-2.722296083509356,1.2650052740001385
16,18,0,2,0,0,0,404394225,404215778,-0.044126990191316405,5251940,5168655,-1.5857949633849586,181530,181073,67.72582539535982,66.66018806933845,32.27417460464017,31.718129170247735,1.6216827604138186,666598,49,0.18863092898568554,85,0,8.09,8.08,7754708,7753736,-1.065637326021374,-0.5560454343924377
16,19,0,3,0,0,0,409033786,416518892,1.82994810115759,5379420,5467629,1.6397492666495646,183553,185007,69.23186811065423,70.15742351321097,30.768131889345767,28.157760209572956,1.6848162772160753,956982,60,0.13720634243904273,76,0,8.18,8.33,7770150,7793372,0.9255554025567392,-2.610371679772811
16,20,0,4,0,0,0,402883364,432566649,7.367711762851544,5199383,5865994,12.820963564330613,180856,189323,66.92637611165674,74.82502648408116,33.073623888343256,23.403126301482917,1.771847214435913,1365210,94,0.10174698398048652,69,0,8.06,8.65,7768810,7839615,7.898650372424427,-9.67049758686034
16,21,0,5,0,0,0,403411966,445647691,10.469626228191753,5204206,6148049,18.136157561787524,180996,190119,66.93740686981614,77.99309434247576,33.062593130183856,20.245960451676382,1.7609452058478625,2113501,62,0.06567870088540294,101,0,8.07,8.91,7774735,7882812,11.055687472659613,-12.816632678507474
16,22,0,6,0,0,0,403768259,454175432,12.484184151780985,5213812,6328412,21.377832572405755,181119,189610,67.03736985968833,79.76893724012656,32.962630140311674,18.95638065204844,1.2746821078250024,2506534,69,0.04034495442710931,78,0,8.08,9.08,7777471,7933429,12.731567380438236,-14.006249488263233
16,23,0,7,0,0,0,408511548,451192679,10.447961926403119,5364083,6291811,17.29518353836061,183392,189281,69.06086403022357,79.76426745057401,30.939135969776427,19.386975696142258,0.8487568532837255,2573941,81,0.026010697214893425,69,0,8.17,9.02,7767182,7888007,10.70340342035044,-11.552160273634168
16,24,0,8,0,0,0,414460641,457328761,10.34310999871276,5501572,6444472,17.138737800759493,185721,189304,70.50196253417246,81.31921295732556,29.498037465827533,18.062344454010628,0.6184425886638165,2548941,80,0.019227985269176493,107,0,8.29,9.15,7803431,7924907,10.817250423153098,-11.435693011816905
16,25,0,9,0,0,0,413603402,449709579,8.729661512793843,5466035,6272069,14.74622829894064,185716,186821,69.95045655625844,79.61279817501854,30.04954344374156,20.142120990066662,0.2450808349148037,2586885,87,0.007463802990855798,96,0,8.27,8.99,7814152,7878217,9.662341618760095,-9.907422453674897
16,26,0,10,0,0,0,409749341,457459172,11.643662655701501,5396992,6419810,18.951630834361065,183829,193497,69.44134822179319,80.80241437711327,30.55865177820681,18.94307565746415,0.2545099654225915,2600439,74,0.007775994745502586,71,0,8.19,9.15,7772015,7945072,11.361066155320074,-11.61557612074266
16,27,0,11,0,0,0,404178102,459180170,13.60837406277889,5220856,6466553,23.860014526353535,181327,188578,67.11942135574942,81.27737346461619,32.88057864425057,18.519362495999953,0.20326403938385304,2542809,102,0.006359895690159977,88,0,8.08,9.18,7778458,7956154,14.157952108866766,-14.361216148250616
16,28,0,12,0,0,0,412965531,452498173,9.5728672328345,5456283,6332976,16.067586670266188,185406,186865,69.88624093773863,80.13667194797132,30.113759062261362,19.742926453540864,0.1204015984878116,2546494,70,0.0037365098837853143,88,0,8.26,9.05,7807378,7902719,10.250431010232688,-10.370832608720498
16,30,0,14,0,0,0,410326864,460023332,12.111434166299187,5405778,6484674,19.958200281254612,184088,188494,69.53199291171582,81.48850093581399,30.468007088284175,18.347332634813387,0.16416642937262135,2543344,74,0.00513654464358734,82,0,8.21,9.2,7774519,7957778,11.95650802409817,-12.120674453470787
16,32,0,16,0,0,0,410453769,458400275,11.681341388778915,5384871,6453154,19.83859966190462,184126,189881,69.00224464489389,81.15125135688999,30.997755355106104,18.672780510281175,0.17596813282884022,2557533,78,0.005471288151511633,78,0,8.21,9.17,7803907,7952008,12.149006711996094,-12.32497484482493
16,36,0,20,0,0,0,416138959,455609221,9.484875459593775,5522399,6381512,15.556880261639915,187691,190051,70.49828164875423,80.32090542251625,29.501718351245778,19.521725558903565,0.15736901858019237,2542171,77,0.00491823720748919,71,0,8.32,9.11,7833381,7945020,9.822623773762018,-9.979992792342212
16,48,0,32,0,0,0,407812276,457204570,12.111527020339132,5357214,6444918,20.30353836901046,182623,189658,69.05446087274288,81.30326567015811,30.945539127257117,18.632018882277176,0.0647154475647186,2578365,80,0.0019896329650767055,78,0,8.16,9.14,7757955,7927010,12.248804797415232,-12.31352024497994
